utc,bench,tag,metric,unit,units,map,teams,vision,bvision,large,slice,cell,samples,mean,p50,p95,p99,max,cpu,gpu,debugBuild
2026-10-08T04:08:43.2512400Z,flow,flow-hier2-rb1-m512-r1,flow.hier2.build,ms,80000,512,8,8,10,10,4,5,600,0.535,0.501,1.018,1.484,2.204,"AMD Ryzen 5 5600GT with Radeon Graphics","Null Device",False
2026-10-08T04:08:43.2596920Z,flow,flow-hier2-rb1-m512-r1,flow.hier2.parallel8,ms,80000,512,8,8,10,10,4,5,100,4.099,3.991,6.432,7.326,8.949,"AMD Ryzen 5 5600GT with Radeon Graphics","Null Device",False
2026-10-08T04:08:43.2602440Z,flow,flow-hier2-rb1-m512-r1,flow.hier2.materialized,sectors,80000,512,8,8,10,10,4,5,1,256,256,256,256,256,"AMD Ryzen 5 5600GT with Radeon Graphics","Null Device",False
2026-10-08T04:08:43.5098730Z,flow,flow-hier2-rb1-m512-r1,flow.clearance.full,ms,80000,512,8,8,10,10,4,5,100,2.064,2.018,2.26,2.332,2.561,"AMD Ryzen 5 5600GT with Radeon Graphics","Null Device",False
2026-10-08T04:08:43.5104750Z,flow,flow-hier2-rb1-m512-r1,flow.clearance.window,ms,80000,512,8,8,10,10,4,5,600,0.008,0.008,0.009,0.01,0.014,"AMD Ryzen 5 5600GT with Radeon Graphics","Null Device",False
2026-10-08T04:08:43.7640860Z,flow,flow-hier2-rb1-m512-r1,flow.hier2.refload.tick,ms,80000,512,8,8,10,10,4,5,500,0.294,0.26,0.715,1.105,2.161,"AMD Ryzen 5 5600GT with Radeon Graphics","Null Device",False
2026-10-08T04:08:43.7648270Z,flow,flow-hier2-rb1-m512-r1,flow.hier2.refload.latency,ms,80000,512,8,8,10,10,4,5,249,861.044,850,1950,2702,2850,"AMD Ryzen 5 5600GT with Radeon Graphics","Null Device",False
2026-10-08T04:08:43.7653700Z,flow,flow-hier2-rb1-m512-r1,flow.hier2.refload.backlog,fields,80000,512,8,8,10,10,4,5,500,88.95,88,101,104,106,"AMD Ryzen 5 5600GT with Radeon Graphics","Null Device",False
2026-10-08T04:08:43.7660200Z,flow,flow-hier2-rb1-m512-r1,flow.hier2.refload.fields,fields,80000,512,8,8,10,10,4,5,500,126.4,126,128,128,128,"AMD Ryzen 5 5600GT with Radeon Graphics","Null Device",False
2026-10-08T04:08:43.7666050Z,flow,flow-hier2-rb1-m512-r1,flow.hier2.refload.small,fields,80000,512,8,8,10,10,4,5,500,63.2,63,64,64,64,"AMD Ryzen 5 5600GT with Radeon Graphics","Null Device",False
2026-10-08T04:08:43.7671420Z,flow,flow-hier2-rb1-m512-r1,flow.hier2.refload.large,fields,80000,512,8,8,10,10,4,5,500,63.2,63,64,64,64,"AMD Ryzen 5 5600GT with Radeon Graphics","Null Device",False
2026-10-08T04:08:43.7677490Z,flow,flow-hier2-rb1-m512-r1,flow.hier2.refload.mem,MB,80000,512,8,8,10,10,4,5,500,0.337,0.332,0.417,0.44,0.453,"AMD Ryzen 5 5600GT with Radeon Graphics","Null Device",False
2026-10-08T04:08:43.7685980Z,flow,flow-hier2-rb1-m512-r1,flow.hier2.refload.pool,MB,80000,512,8,8,10,10,4,5,500,0,0,0,0,0,"AMD Ryzen 5 5600GT with Radeon Graphics","Null Device",False
2026-10-08T04:08:43.7694420Z,flow,flow-hier2-rb1-m512-r1,flow.hier2.refload.orders,orders,80000,512,8,8,10,10,4,5,1,480,480,480,480,480,"AMD Ryzen 5 5600GT with Radeon Graphics","Null Device",False
2026-10-08T04:08:43.7700750Z,flow,flow-hier2-rb1-m512-r1,flow.hier2.refload.terrain,changes,80000,512,8,8,10,10,4,5,1,120,120,120,120,120,"AMD Ryzen 5 5600GT with Radeon Graphics","Null Device",False
2026-10-08T04:08:43.7708070Z,flow,flow-hier2-rb1-m512-r1,flow.hier2.refload.rebuilds,fields,80000,512,8,8,10,10,4,5,1,600,600,600,600,600,"AMD Ryzen 5 5600GT with Radeon Graphics","Null Device",False
2026-10-08T04:08:43.7712620Z,flow,flow-hier2-rb1-m512-r1,flow.hier2.refload.neverready,orders,80000,512,8,8,10,10,4,5,1,179,179,179,179,179,"AMD Ryzen 5 5600GT with Radeon Graphics","Null Device",False
2026-10-08T04:08:43.7716890Z,flow,flow-hier2-rb1-m512-r1,flow.hier2.refload.unreachable,rebuilds,80000,512,8,8,10,10,4,5,1,300,300,300,300,300,"AMD Ryzen 5 5600GT with Radeon Graphics","Null Device",False
2026-10-08T04:08:43.7721190Z,flow,flow-hier2-rb1-m512-r1,flow.hier2.refload.unreachable.sectors,sectors,80000,512,8,8,10,10,4,5,1,1200,1200,1200,1200,1200,"AMD Ryzen 5 5600GT with Radeon Graphics","Null Device",False
2026-10-08T04:08:43.7725590Z,flow,flow-hier2-rb1-m512-r1,flow.hier2.refload.newroutes,routes,80000,512,8,8,10,10,4,5,1,600,600,600,600,600,"AMD Ryzen 5 5600GT with Radeon Graphics","Null Device",False
2026-10-08T04:08:43.7729940Z,flow,flow-hier2-rb1-m512-r1,flow.hier2.refload.reroutes,routes,80000,512,8,8,10,10,4,5,1,0,0,0,0,0,"AMD Ryzen 5 5600GT with Radeon Graphics","Null Device",False
2026-10-08T04:08:43.7734250Z,flow,flow-hier2-rb1-m512-r1,flow.hier2.refload.newsectors,fields,80000,512,8,8,10,10,4,5,1,4386,4386,4386,4386,4386,"AMD Ryzen 5 5600GT with Radeon Graphics","Null Device",False
2026-10-08T04:08:43.7738460Z,flow,flow-hier2-rb1-m512-r1,flow.hier2.refload.resectors,fields,80000,512,8,8,10,10,4,5,1,0,0,0,0,0,"AMD Ryzen 5 5600GT with Radeon Graphics","Null Device",False
2026-10-08T04:08:43.7742700Z,flow,flow-hier2-rb1-m512-r1,flow.hier2.refload.sectors,sectors,80000,512,8,8,10,10,4,5,500,459.936,453.5,569.1,600.07,618,"AMD Ryzen 5 5600GT with Radeon Graphics","Null Device",False
2026-10-08T04:08:43.7752370Z,flow,flow-hier2-rb1-m512-r1,flow.hier2.refload.graph,MB,80000,512,8,8,10,10,4,5,1,0.503,0.503,0.503,0.503,0.503,"AMD Ryzen 5 5600GT with Radeon Graphics","Null Device",False
2026-10-08T04:08:43.7756720Z,flow,flow-hier2-rb1-m512-r1,flow.hier2.refload.materialized,sectors,80000,512,8,8,10,10,4,5,1,322,322,322,322,322,"AMD Ryzen 5 5600GT with Radeon Graphics","Null Device",False
2026-10-08T04:08:50.1779440Z,flow,flow-hier2-rb1-m1024-r1,flow.hier2.build,ms,80000,1024,8,8,10,10,4,5,600,1.957,1.886,3.69,4.137,5.037,"AMD Ryzen 5 5600GT with Radeon Graphics","Null Device",False
2026-10-08T04:08:50.1880050Z,flow,flow-hier2-rb1-m1024-r1,flow.hier2.parallel8,ms,80000,1024,8,8,10,10,4,5,100,15.208,14.834,23.491,25.704,26.016,"AMD Ryzen 5 5600GT with Radeon Graphics","Null Device",False
2026-10-08T04:08:50.1885820Z,flow,flow-hier2-rb1-m1024-r1,flow.hier2.materialized,sectors,80000,1024,8,8,10,10,4,5,1,1024,1024,1024,1024,1024,"AMD Ryzen 5 5600GT with Radeon Graphics","Null Device",False
2026-10-08T04:08:51.1040110Z,flow,flow-hier2-rb1-m1024-r1,flow.clearance.full,ms,80000,1024,8,8,10,10,4,5,100,8.119,8.111,8.173,8.378,8.815,"AMD Ryzen 5 5600GT with Radeon Graphics","Null Device",False
2026-10-08T04:08:51.1046080Z,flow,flow-hier2-rb1-m1024-r1,flow.clearance.window,ms,80000,1024,8,8,10,10,4,5,600,0.008,0.008,0.009,0.009,0.028,"AMD Ryzen 5 5600GT with Radeon Graphics","Null Device",False
2026-10-08T04:08:51.7920280Z,flow,flow-hier2-rb1-m1024-r1,flow.hier2.refload.tick,ms,80000,1024,8,8,10,10,4,5,500,0.748,0.851,1.76,2.314,2.821,"AMD Ryzen 5 5600GT with Radeon Graphics","Null Device",False
2026-10-08T04:08:51.7927450Z,flow,flow-hier2-rb1-m1024-r1,flow.hier2.refload.latency,ms,80000,1024,8,8,10,10,4,5,250,860.6,850,1950,2701,2850,"AMD Ryzen 5 5600GT with Radeon Graphics","Null Device",False
2026-10-08T04:08:51.7932650Z,flow,flow-hier2-rb1-m1024-r1,flow.hier2.refload.backlog,fields,80000,1024,8,8,10,10,4,5,500,75.08,76,88,92.01,95,"AMD Ryzen 5 5600GT with Radeon Graphics","Null Device",False
2026-10-08T04:08:51.7938330Z,flow,flow-hier2-rb1-m1024-r1,flow.hier2.refload.fields,fields,80000,1024,8,8,10,10,4,5,500,126.4,126,128,128,128,"AMD Ryzen 5 5600GT with Radeon Graphics","Null Device",False
2026-10-08T04:08:51.7943970Z,flow,flow-hier2-rb1-m1024-r1,flow.hier2.refload.small,fields,80000,1024,8,8,10,10,4,5,500,63.2,63,64,64,64,"AMD Ryzen 5 5600GT with Radeon Graphics","Null Device",False
2026-10-08T04:08:51.7949180Z,flow,flow-hier2-rb1-m1024-r1,flow.hier2.refload.large,fields,80000,1024,8,8,10,10,4,5,500,63.2,63,64,64,64,"AMD Ryzen 5 5600GT with Radeon Graphics","Null Device",False
2026-10-08T04:08:51.7954430Z,flow,flow-hier2-rb1-m1024-r1,flow.hier2.refload.mem,MB,80000,1024,8,8,10,10,4,5,500,0.454,0.447,0.563,0.587,0.61,"AMD Ryzen 5 5600GT with Radeon Graphics","Null Device",False
2026-10-08T04:08:51.7960420Z,flow,flow-hier2-rb1-m1024-r1,flow.hier2.refload.pool,MB,80000,1024,8,8,10,10,4,5,500,0,0,0,0,0,"AMD Ryzen 5 5600GT with Radeon Graphics","Null Device",False
2026-10-08T04:08:51.7967640Z,flow,flow-hier2-rb1-m1024-r1,flow.hier2.refload.orders,orders,80000,1024,8,8,10,10,4,5,1,480,480,480,480,480,"AMD Ryzen 5 5600GT with Radeon Graphics","Null Device",False
2026-10-08T04:08:51.7972350Z,flow,flow-hier2-rb1-m1024-r1,flow.hier2.refload.terrain,changes,80000,1024,8,8,10,10,4,5,1,120,120,120,120,120,"AMD Ryzen 5 5600GT with Radeon Graphics","Null Device",False
2026-10-08T04:08:51.7977330Z,flow,flow-hier2-rb1-m1024-r1,flow.hier2.refload.rebuilds,fields,80000,1024,8,8,10,10,4,5,1,600,600,600,600,600,"AMD Ryzen 5 5600GT with Radeon Graphics","Null Device",False
2026-10-08T04:08:51.7981720Z,flow,flow-hier2-rb1-m1024-r1,flow.hier2.refload.neverready,orders,80000,1024,8,8,10,10,4,5,1,176,176,176,176,176,"AMD Ryzen 5 5600GT with Radeon Graphics","Null Device",False
2026-10-08T04:08:51.7986040Z,flow,flow-hier2-rb1-m1024-r1,flow.hier2.refload.unreachable,rebuilds,80000,1024,8,8,10,10,4,5,1,300,300,300,300,300,"AMD Ryzen 5 5600GT with Radeon Graphics","Null Device",False
2026-10-08T04:08:51.7990270Z,flow,flow-hier2-rb1-m1024-r1,flow.hier2.refload.unreachable.sectors,sectors,80000,1024,8,8,10,10,4,5,1,1459,1459,1459,1459,1459,"AMD Ryzen 5 5600GT with Radeon Graphics","Null Device",False
2026-10-08T04:08:51.7994800Z,flow,flow-hier2-rb1-m1024-r1,flow.hier2.refload.newroutes,routes,80000,1024,8,8,10,10,4,5,1,600,600,600,600,600,"AMD Ryzen 5 5600GT with Radeon Graphics","Null Device",False
2026-10-08T04:08:51.7999010Z,flow,flow-hier2-rb1-m1024-r1,flow.hier2.refload.reroutes,routes,80000,1024,8,8,10,10,4,5,1,0,0,0,0,0,"AMD Ryzen 5 5600GT with Radeon Graphics","Null Device",False
2026-10-08T04:08:51.8003280Z,flow,flow-hier2-rb1-m1024-r1,flow.hier2.refload.newsectors,fields,80000,1024,8,8,10,10,4,5,1,5908,5908,5908,5908,5908,"AMD Ryzen 5 5600GT with Radeon Graphics","Null Device",False
2026-10-08T04:08:51.8007500Z,flow,flow-hier2-rb1-m1024-r1,flow.hier2.refload.resectors,fields,80000,1024,8,8,10,10,4,5,1,0,0,0,0,0,"AMD Ryzen 5 5600GT with Radeon Graphics","Null Device",False
2026-10-08T04:08:51.8011640Z,flow,flow-hier2-rb1-m1024-r1,flow.hier2.refload.sectors,sectors,80000,1024,8,8,10,10,4,5,500,620.048,610,768.05,802.02,833,"AMD Ryzen 5 5600GT with Radeon Graphics","Null Device",False
2026-10-08T04:08:51.8017750Z,flow,flow-hier2-rb1-m1024-r1,flow.hier2.refload.graph,MB,80000,1024,8,8,10,10,4,5,1,1.956,1.956,1.956,1.956,1.956,"AMD Ryzen 5 5600GT with Radeon Graphics","Null Device",False
2026-10-08T04:08:51.8022100Z,flow,flow-hier2-rb1-m1024-r1,flow.hier2.refload.materialized,sectors,80000,1024,8,8,10,10,4,5,1,1109,1109,1109,1109,1109,"AMD Ryzen 5 5600GT with Radeon Graphics","Null Device",False
2026-10-08T04:08:55.7132010Z,flow,flow-hier2-rb1-m512-r2,flow.hier2.build,ms,80000,512,8,8,10,10,4,5,600,0.512,0.481,0.904,1.371,8.016,"AMD Ryzen 5 5600GT with Radeon Graphics","Null Device",False
2026-10-08T04:08:55.7249510Z,flow,flow-hier2-rb1-m512-r2,flow.hier2.parallel8,ms,80000,512,8,8,10,10,4,5,100,3.977,4.037,5.793,6.539,6.708,"AMD Ryzen 5 5600GT with Radeon Graphics","Null Device",False
2026-10-08T04:08:55.7255370Z,flow,flow-hier2-rb1-m512-r2,flow.hier2.materialized,sectors,80000,512,8,8,10,10,4,5,1,256,256,256,256,256,"AMD Ryzen 5 5600GT with Radeon Graphics","Null Device",False
2026-10-08T04:08:55.9696280Z,flow,flow-hier2-rb1-m512-r2,flow.clearance.full,ms,80000,512,8,8,10,10,4,5,100,2.021,2.017,2.063,2.069,2.08,"AMD Ryzen 5 5600GT with Radeon Graphics","Null Device",False
2026-10-08T04:08:55.9702560Z,flow,flow-hier2-rb1-m512-r2,flow.clearance.window,ms,80000,512,8,8,10,10,4,5,600,0.008,0.008,0.009,0.01,0.023,"AMD Ryzen 5 5600GT with Radeon Graphics","Null Device",False
2026-10-08T04:08:56.2257290Z,flow,flow-hier2-rb1-m512-r2,flow.hier2.refload.tick,ms,80000,512,8,8,10,10,4,5,500,0.298,0.252,0.743,0.943,2.064,"AMD Ryzen 5 5600GT with Radeon Graphics","Null Device",False
2026-10-08T04:08:56.2264580Z,flow,flow-hier2-rb1-m512-r2,flow.hier2.refload.latency,ms,80000,512,8,8,10,10,4,5,249,861.044,850,1950,2702,2850,"AMD Ryzen 5 5600GT with Radeon Graphics","Null Device",False
2026-10-08T04:08:56.2269630Z,flow,flow-hier2-rb1-m512-r2,flow.hier2.refload.backlog,fields,80000,512,8,8,10,10,4,5,500,88.95,88,101,104,106,"AMD Ryzen 5 5600GT with Radeon Graphics","Null Device",False
2026-10-08T04:08:56.2275340Z,flow,flow-hier2-rb1-m512-r2,flow.hier2.refload.fields,fields,80000,512,8,8,10,10,4,5,500,126.4,126,128,128,128,"AMD Ryzen 5 5600GT with Radeon Graphics","Null Device",False
2026-10-08T04:08:56.2280720Z,flow,flow-hier2-rb1-m512-r2,flow.hier2.refload.small,fields,80000,512,8,8,10,10,4,5,500,63.2,63,64,64,64,"AMD Ryzen 5 5600GT with Radeon Graphics","Null Device",False
2026-10-08T04:08:56.2286050Z,flow,flow-hier2-rb1-m512-r2,flow.hier2.refload.large,fields,80000,512,8,8,10,10,4,5,500,63.2,63,64,64,64,"AMD Ryzen 5 5600GT with Radeon Graphics","Null Device",False
2026-10-08T04:08:56.2291240Z,flow,flow-hier2-rb1-m512-r2,flow.hier2.refload.mem,MB,80000,512,8,8,10,10,4,5,500,0.337,0.332,0.417,0.44,0.453,"AMD Ryzen 5 5600GT with Radeon Graphics","Null Device",False
2026-10-08T04:08:56.2298600Z,flow,flow-hier2-rb1-m512-r2,flow.hier2.refload.pool,MB,80000,512,8,8,10,10,4,5,500,0,0,0,0,0,"AMD Ryzen 5 5600GT with Radeon Graphics","Null Device",False
2026-10-08T04:08:56.2303900Z,flow,flow-hier2-rb1-m512-r2,flow.hier2.refload.orders,orders,80000,512,8,8,10,10,4,5,1,480,480,480,480,480,"AMD Ryzen 5 5600GT with Radeon Graphics","Null Device",False
2026-10-08T04:08:56.2308140Z,flow,flow-hier2-rb1-m512-r2,flow.hier2.refload.terrain,changes,80000,512,8,8,10,10,4,5,1,120,120,120,120,120,"AMD Ryzen 5 5600GT with Radeon Graphics","Null Device",False
2026-10-08T04:08:56.2313310Z,flow,flow-hier2-rb1-m512-r2,flow.hier2.refload.rebuilds,fields,80000,512,8,8,10,10,4,5,1,600,600,600,600,600,"AMD Ryzen 5 5600GT with Radeon Graphics","Null Device",False
2026-10-08T04:08:56.2317850Z,flow,flow-hier2-rb1-m512-r2,flow.hier2.refload.neverready,orders,80000,512,8,8,10,10,4,5,1,179,179,179,179,179,"AMD Ryzen 5 5600GT with Radeon Graphics","Null Device",False
2026-10-08T04:08:56.2322550Z,flow,flow-hier2-rb1-m512-r2,flow.hier2.refload.unreachable,rebuilds,80000,512,8,8,10,10,4,5,1,300,300,300,300,300,"AMD Ryzen 5 5600GT with Radeon Graphics","Null Device",False
2026-10-08T04:08:56.2326810Z,flow,flow-hier2-rb1-m512-r2,flow.hier2.refload.unreachable.sectors,sectors,80000,512,8,8,10,10,4,5,1,1200,1200,1200,1200,1200,"AMD Ryzen 5 5600GT with Radeon Graphics","Null Device",False
2026-10-08T04:08:56.2331010Z,flow,flow-hier2-rb1-m512-r2,flow.hier2.refload.newroutes,routes,80000,512,8,8,10,10,4,5,1,600,600,600,600,600,"AMD Ryzen 5 5600GT with Radeon Graphics","Null Device",False
2026-10-08T04:08:56.2335310Z,flow,flow-hier2-rb1-m512-r2,flow.hier2.refload.reroutes,routes,80000,512,8,8,10,10,4,5,1,0,0,0,0,0,"AMD Ryzen 5 5600GT with Radeon Graphics","Null Device",False
2026-10-08T04:08:56.2339500Z,flow,flow-hier2-rb1-m512-r2,flow.hier2.refload.newsectors,fields,80000,512,8,8,10,10,4,5,1,4386,4386,4386,4386,4386,"AMD Ryzen 5 5600GT with Radeon Graphics","Null Device",False
2026-10-08T04:08:56.2343810Z,flow,flow-hier2-rb1-m512-r2,flow.hier2.refload.resectors,fields,80000,512,8,8,10,10,4,5,1,0,0,0,0,0,"AMD Ryzen 5 5600GT with Radeon Graphics","Null Device",False
2026-10-08T04:08:56.2348000Z,flow,flow-hier2-rb1-m512-r2,flow.hier2.refload.sectors,sectors,80000,512,8,8,10,10,4,5,500,459.936,453.5,569.1,600.07,618,"AMD Ryzen 5 5600GT with Radeon Graphics","Null Device",False
2026-10-08T04:08:56.2354490Z,flow,flow-hier2-rb1-m512-r2,flow.hier2.refload.graph,MB,80000,512,8,8,10,10,4,5,1,0.503,0.503,0.503,0.503,0.503,"AMD Ryzen 5 5600GT with Radeon Graphics","Null Device",False
2026-10-08T04:08:56.2358760Z,flow,flow-hier2-rb1-m512-r2,flow.hier2.refload.materialized,sectors,80000,512,8,8,10,10,4,5,1,322,322,322,322,322,"AMD Ryzen 5 5600GT with Radeon Graphics","Null Device",False
2026-10-08T04:09:02.6914250Z,flow,flow-hier2-rb1-m1024-r2,flow.hier2.build,ms,80000,1024,8,8,10,10,4,5,600,1.99,1.931,3.732,4.039,5.418,"AMD Ryzen 5 5600GT with Radeon Graphics","Null Device",False
2026-10-08T04:09:02.7028590Z,flow,flow-hier2-rb1-m1024-r2,flow.hier2.parallel8,ms,80000,1024,8,8,10,10,4,5,100,15.677,15.109,24.51,27.052,27.913,"AMD Ryzen 5 5600GT with Radeon Graphics","Null Device",False
2026-10-08T04:09:02.7034370Z,flow,flow-hier2-rb1-m1024-r2,flow.hier2.materialized,sectors,80000,1024,8,8,10,10,4,5,1,1024,1024,1024,1024,1024,"AMD Ryzen 5 5600GT with Radeon Graphics","Null Device",False
2026-10-08T04:09:03.6286190Z,flow,flow-hier2-rb1-m1024-r2,flow.clearance.full,ms,80000,1024,8,8,10,10,4,5,100,8.202,8.151,8.484,8.544,8.661,"AMD Ryzen 5 5600GT with Radeon Graphics","Null Device",False
2026-10-08T04:09:03.6292570Z,flow,flow-hier2-rb1-m1024-r2,flow.clearance.window,ms,80000,1024,8,8,10,10,4,5,600,0.008,0.008,0.009,0.01,0.015,"AMD Ryzen 5 5600GT with Radeon Graphics","Null Device",False
2026-10-08T04:09:04.2962320Z,flow,flow-hier2-rb1-m1024-r2,flow.hier2.refload.tick,ms,80000,1024,8,8,10,10,4,5,500,0.719,0.832,1.607,2.101,2.863,"AMD Ryzen 5 5600GT with Radeon Graphics","Null Device",False
2026-10-08T04:09:04.2969350Z,flow,flow-hier2-rb1-m1024-r2,flow.hier2.refload.latency,ms,80000,1024,8,8,10,10,4,5,250,860.6,850,1950,2701,2850,"AMD Ryzen 5 5600GT with Radeon Graphics","Null Device",False
2026-10-08T04:09:04.2974590Z,flow,flow-hier2-rb1-m1024-r2,flow.hier2.refload.backlog,fields,80000,1024,8,8,10,10,4,5,500,75.08,76,88,92.01,95,"AMD Ryzen 5 5600GT with Radeon Graphics","Null Device",False
2026-10-08T04:09:04.2980190Z,flow,flow-hier2-rb1-m1024-r2,flow.hier2.refload.fields,fields,80000,1024,8,8,10,10,4,5,500,126.4,126,128,128,128,"AMD Ryzen 5 5600GT with Radeon Graphics","Null Device",False
2026-10-08T04:09:04.2985510Z,flow,flow-hier2-rb1-m1024-r2,flow.hier2.refload.small,fields,80000,1024,8,8,10,10,4,5,500,63.2,63,64,64,64,"AMD Ryzen 5 5600GT with Radeon Graphics","Null Device",False
2026-10-08T04:09:04.2990660Z,flow,flow-hier2-rb1-m1024-r2,flow.hier2.refload.large,fields,80000,1024,8,8,10,10,4,5,500,63.2,63,64,64,64,"AMD Ryzen 5 5600GT with Radeon Graphics","Null Device",False
2026-10-08T04:09:04.2995880Z,flow,flow-hier2-rb1-m1024-r2,flow.hier2.refload.mem,MB,80000,1024,8,8,10,10,4,5,500,0.454,0.447,0.563,0.587,0.61,"AMD Ryzen 5 5600GT with Radeon Graphics","Null Device",False
2026-10-08T04:09:04.3001460Z,flow,flow-hier2-rb1-m1024-r2,flow.hier2.refload.pool,MB,80000,1024,8,8,10,10,4,5,500,0,0,0,0,0,"AMD Ryzen 5 5600GT with Radeon Graphics","Null Device",False
2026-10-08T04:09:04.3006610Z,flow,flow-hier2-rb1-m1024-r2,flow.hier2.refload.orders,orders,80000,1024,8,8,10,10,4,5,1,480,480,480,480,480,"AMD Ryzen 5 5600GT with Radeon Graphics","Null Device",False
2026-10-08T04:09:04.3011050Z,flow,flow-hier2-rb1-m1024-r2,flow.hier2.refload.terrain,changes,80000,1024,8,8,10,10,4,5,1,120,120,120,120,120,"AMD Ryzen 5 5600GT with Radeon Graphics","Null Device",False
2026-10-08T04:09:04.3015950Z,flow,flow-hier2-rb1-m1024-r2,flow.hier2.refload.rebuilds,fields,80000,1024,8,8,10,10,4,5,1,600,600,600,600,600,"AMD Ryzen 5 5600GT with Radeon Graphics","Null Device",False
2026-10-08T04:09:04.3020250Z,flow,flow-hier2-rb1-m1024-r2,flow.hier2.refload.neverready,orders,80000,1024,8,8,10,10,4,5,1,176,176,176,176,176,"AMD Ryzen 5 5600GT with Radeon Graphics","Null Device",False
2026-10-08T04:09:04.3024520Z,flow,flow-hier2-rb1-m1024-r2,flow.hier2.refload.unreachable,rebuilds,80000,1024,8,8,10,10,4,5,1,300,300,300,300,300,"AMD Ryzen 5 5600GT with Radeon Graphics","Null Device",False
2026-10-08T04:09:04.3028660Z,flow,flow-hier2-rb1-m1024-r2,flow.hier2.refload.unreachable.sectors,sectors,80000,1024,8,8,10,10,4,5,1,1459,1459,1459,1459,1459,"AMD Ryzen 5 5600GT with Radeon Graphics","Null Device",False
2026-10-08T04:09:04.3033130Z,flow,flow-hier2-rb1-m1024-r2,flow.hier2.refload.newroutes,routes,80000,1024,8,8,10,10,4,5,1,600,600,600,600,600,"AMD Ryzen 5 5600GT with Radeon Graphics","Null Device",False
2026-10-08T04:09:04.3037320Z,flow,flow-hier2-rb1-m1024-r2,flow.hier2.refload.reroutes,routes,80000,1024,8,8,10,10,4,5,1,0,0,0,0,0,"AMD Ryzen 5 5600GT with Radeon Graphics","Null Device",False
2026-10-08T04:09:04.3041450Z,flow,flow-hier2-rb1-m1024-r2,flow.hier2.refload.newsectors,fields,80000,1024,8,8,10,10,4,5,1,5908,5908,5908,5908,5908,"AMD Ryzen 5 5600GT with Radeon Graphics","Null Device",False
2026-10-08T04:09:04.3045700Z,flow,flow-hier2-rb1-m1024-r2,flow.hier2.refload.resectors,fields,80000,1024,8,8,10,10,4,5,1,0,0,0,0,0,"AMD Ryzen 5 5600GT with Radeon Graphics","Null Device",False
2026-10-08T04:09:04.3049920Z,flow,flow-hier2-rb1-m1024-r2,flow.hier2.refload.sectors,sectors,80000,1024,8,8,10,10,4,5,500,620.048,610,768.05,802.02,833,"AMD Ryzen 5 5600GT with Radeon Graphics","Null Device",False
2026-10-08T04:09:04.3056500Z,flow,flow-hier2-rb1-m1024-r2,flow.hier2.refload.graph,MB,80000,1024,8,8,10,10,4,5,1,1.956,1.956,1.956,1.956,1.956,"AMD Ryzen 5 5600GT with Radeon Graphics","Null Device",False
2026-10-08T04:09:04.3061250Z,flow,flow-hier2-rb1-m1024-r2,flow.hier2.refload.materialized,sectors,80000,1024,8,8,10,10,4,5,1,1109,1109,1109,1109,1109,"AMD Ryzen 5 5600GT with Radeon Graphics","Null Device",False
2026-10-08T04:09:08.2212680Z,flow,flow-hier2-rb1-m512-r3,flow.hier2.build,ms,80000,512,8,8,10,10,4,5,600,0.51,0.486,0.923,1.33,2.053,"AMD Ryzen 5 5600GT with Radeon Graphics","Null Device",False
2026-10-08T04:09:08.2309720Z,flow,flow-hier2-rb1-m512-r3,flow.hier2.parallel8,ms,80000,512,8,8,10,10,4,5,100,3.978,4.11,5.834,7.314,8.311,"AMD Ryzen 5 5600GT with Radeon Graphics","Null Device",False
2026-10-08T04:09:08.2315530Z,flow,flow-hier2-rb1-m512-r3,flow.hier2.materialized,sectors,80000,512,8,8,10,10,4,5,1,256,256,256,256,256,"AMD Ryzen 5 5600GT with Radeon Graphics","Null Device",False
2026-10-08T04:09:08.4757070Z,flow,flow-hier2-rb1-m512-r3,flow.clearance.full,ms,80000,512,8,8,10,10,4,5,100,2.024,2.022,2.053,2.067,2.119,"AMD Ryzen 5 5600GT with Radeon Graphics","Null Device",False
2026-10-08T04:09:08.4763330Z,flow,flow-hier2-rb1-m512-r3,flow.clearance.window,ms,80000,512,8,8,10,10,4,5,600,0.008,0.008,0.009,0.01,0.027,"AMD Ryzen 5 5600GT with Radeon Graphics","Null Device",False
2026-10-08T04:09:08.7277320Z,flow,flow-hier2-rb1-m512-r3,flow.hier2.refload.tick,ms,80000,512,8,8,10,10,4,5,500,0.293,0.257,0.746,0.962,2.082,"AMD Ryzen 5 5600GT with Radeon Graphics","Null Device",False
2026-10-08T04:09:08.7284590Z,flow,flow-hier2-rb1-m512-r3,flow.hier2.refload.latency,ms,80000,512,8,8,10,10,4,5,249,861.044,850,1950,2702,2850,"AMD Ryzen 5 5600GT with Radeon Graphics","Null Device",False
2026-10-08T04:09:08.7289700Z,flow,flow-hier2-rb1-m512-r3,flow.hier2.refload.backlog,fields,80000,512,8,8,10,10,4,5,500,88.95,88,101,104,106,"AMD Ryzen 5 5600GT with Radeon Graphics","Null Device",False
2026-10-08T04:09:08.7295500Z,flow,flow-hier2-rb1-m512-r3,flow.hier2.refload.fields,fields,80000,512,8,8,10,10,4,5,500,126.4,126,128,128,128,"AMD Ryzen 5 5600GT with Radeon Graphics","Null Device",False
2026-10-08T04:09:08.7300770Z,flow,flow-hier2-rb1-m512-r3,flow.hier2.refload.small,fields,80000,512,8,8,10,10,4,5,500,63.2,63,64,64,64,"AMD Ryzen 5 5600GT with Radeon Graphics","Null Device",False
2026-10-08T04:09:08.7306080Z,flow,flow-hier2-rb1-m512-r3,flow.hier2.refload.large,fields,80000,512,8,8,10,10,4,5,500,63.2,63,64,64,64,"AMD Ryzen 5 5600GT with Radeon Graphics","Null Device",False
2026-10-08T04:09:08.7311430Z,flow,flow-hier2-rb1-m512-r3,flow.hier2.refload.mem,MB,80000,512,8,8,10,10,4,5,500,0.337,0.332,0.417,0.44,0.453,"AMD Ryzen 5 5600GT with Radeon Graphics","Null Device",False
2026-10-08T04:09:08.7317270Z,flow,flow-hier2-rb1-m512-r3,flow.hier2.refload.pool,MB,80000,512,8,8,10,10,4,5,500,0,0,0,0,0,"AMD Ryzen 5 5600GT with Radeon Graphics","Null Device",False
2026-10-08T04:09:08.7323330Z,flow,flow-hier2-rb1-m512-r3,flow.hier2.refload.orders,orders,80000,512,8,8,10,10,4,5,1,480,480,480,480,480,"AMD Ryzen 5 5600GT with Radeon Graphics","Null Device",False
2026-10-08T04:09:08.7327780Z,flow,flow-hier2-rb1-m512-r3,flow.hier2.refload.terrain,changes,80000,512,8,8,10,10,4,5,1,120,120,120,120,120,"AMD Ryzen 5 5600GT with Radeon Graphics","Null Device",False
2026-10-08T04:09:08.7333090Z,flow,flow-hier2-rb1-m512-r3,flow.hier2.refload.rebuilds,fields,80000,512,8,8,10,10,4,5,1,600,600,600,600,600,"AMD Ryzen 5 5600GT with Radeon Graphics","Null Device",False
2026-10-08T04:09:08.7337890Z,flow,flow-hier2-rb1-m512-r3,flow.hier2.refload.neverready,orders,80000,512,8,8,10,10,4,5,1,179,179,179,179,179,"AMD Ryzen 5 5600GT with Radeon Graphics","Null Device",False
2026-10-08T04:09:08.7342420Z,flow,flow-hier2-rb1-m512-r3,flow.hier2.refload.unreachable,rebuilds,80000,512,8,8,10,10,4,5,1,300,300,300,300,300,"AMD Ryzen 5 5600GT with Radeon Graphics","Null Device",False
2026-10-08T04:09:08.7346900Z,flow,flow-hier2-rb1-m512-r3,flow.hier2.refload.unreachable.sectors,sectors,80000,512,8,8,10,10,4,5,1,1200,1200,1200,1200,1200,"AMD Ryzen 5 5600GT with Radeon Graphics","Null Device",False
2026-10-08T04:09:08.7351320Z,flow,flow-hier2-rb1-m512-r3,flow.hier2.refload.newroutes,routes,80000,512,8,8,10,10,4,5,1,600,600,600,600,600,"AMD Ryzen 5 5600GT with Radeon Graphics","Null Device",False
2026-10-08T04:09:08.7355850Z,flow,flow-hier2-rb1-m512-r3,flow.hier2.refload.reroutes,routes,80000,512,8,8,10,10,4,5,1,0,0,0,0,0,"AMD Ryzen 5 5600GT with Radeon Graphics","Null Device",False
2026-10-08T04:09:08.7360220Z,flow,flow-hier2-rb1-m512-r3,flow.hier2.refload.newsectors,fields,80000,512,8,8,10,10,4,5,1,4386,4386,4386,4386,4386,"AMD Ryzen 5 5600GT with Radeon Graphics","Null Device",False
2026-10-08T04:09:08.7364860Z,flow,flow-hier2-rb1-m512-r3,flow.hier2.refload.resectors,fields,80000,512,8,8,10,10,4,5,1,0,0,0,0,0,"AMD Ryzen 5 5600GT with Radeon Graphics","Null Device",False
2026-10-08T04:09:08.7369160Z,flow,flow-hier2-rb1-m512-r3,flow.hier2.refload.sectors,sectors,80000,512,8,8,10,10,4,5,500,459.936,453.5,569.1,600.07,618,"AMD Ryzen 5 5600GT with Radeon Graphics","Null Device",False
2026-10-08T04:09:08.7375300Z,flow,flow-hier2-rb1-m512-r3,flow.hier2.refload.graph,MB,80000,512,8,8,10,10,4,5,1,0.503,0.503,0.503,0.503,0.503,"AMD Ryzen 5 5600GT with Radeon Graphics","Null Device",False
2026-10-08T04:09:08.7379730Z,flow,flow-hier2-rb1-m512-r3,flow.hier2.refload.materialized,sectors,80000,512,8,8,10,10,4,5,1,322,322,322,322,322,"AMD Ryzen 5 5600GT with Radeon Graphics","Null Device",False
2026-10-08T04:09:15.1227770Z,flow,flow-hier2-rb1-m1024-r3,flow.hier2.build,ms,80000,1024,8,8,10,10,4,5,600,1.964,1.854,3.715,4.228,5.47,"AMD Ryzen 5 5600GT with Radeon Graphics","Null Device",False
2026-10-08T04:09:15.1324150Z,flow,flow-hier2-rb1-m1024-r3,flow.hier2.parallel8,ms,80000,1024,8,8,10,10,4,5,100,15.399,15.153,23.795,25.838,25.973,"AMD Ryzen 5 5600GT with Radeon Graphics","Null Device",False
2026-10-08T04:09:15.1330180Z,flow,flow-hier2-rb1-m1024-r3,flow.hier2.materialized,sectors,80000,1024,8,8,10,10,4,5,1,1024,1024,1024,1024,1024,"AMD Ryzen 5 5600GT with Radeon Graphics","Null Device",False
2026-10-08T04:09:16.0571600Z,flow,flow-hier2-rb1-m1024-r3,flow.clearance.full,ms,80000,1024,8,8,10,10,4,5,100,8.201,8.139,8.426,8.69,9.005,"AMD Ryzen 5 5600GT with Radeon Graphics","Null Device",False
2026-10-08T04:09:16.0577600Z,flow,flow-hier2-rb1-m1024-r3,flow.clearance.window,ms,80000,1024,8,8,10,10,4,5,600,0.008,0.008,0.009,0.01,0.028,"AMD Ryzen 5 5600GT with Radeon Graphics","Null Device",False
2026-10-08T04:09:16.7328130Z,flow,flow-hier2-rb1-m1024-r3,flow.hier2.refload.tick,ms,80000,1024,8,8,10,10,4,5,500,0.736,0.833,1.749,2.236,2.719,"AMD Ryzen 5 5600GT with Radeon Graphics","Null Device",False
2026-10-08T04:09:16.7336670Z,flow,flow-hier2-rb1-m1024-r3,flow.hier2.refload.latency,ms,80000,1024,8,8,10,10,4,5,250,860.6,850,1950,2701,2850,"AMD Ryzen 5 5600GT with Radeon Graphics","Null Device",False
2026-10-08T04:09:16.7342050Z,flow,flow-hier2-rb1-m1024-r3,flow.hier2.refload.backlog,fields,80000,1024,8,8,10,10,4,5,500,75.08,76,88,92.01,95,"AMD Ryzen 5 5600GT with Radeon Graphics","Null Device",False
2026-10-08T04:09:16.7349100Z,flow,flow-hier2-rb1-m1024-r3,flow.hier2.refload.fields,fields,80000,1024,8,8,10,10,4,5,500,126.4,126,128,128,128,"AMD Ryzen 5 5600GT with Radeon Graphics","Null Device",False
2026-10-08T04:09:16.7354670Z,flow,flow-hier2-rb1-m1024-r3,flow.hier2.refload.small,fields,80000,1024,8,8,10,10,4,5,500,63.2,63,64,64,64,"AMD Ryzen 5 5600GT with Radeon Graphics","Null Device",False
2026-10-08T04:09:16.7359870Z,flow,flow-hier2-rb1-m1024-r3,flow.hier2.refload.large,fields,80000,1024,8,8,10,10,4,5,500,63.2,63,64,64,64,"AMD Ryzen 5 5600GT with Radeon Graphics","Null Device",False
2026-10-08T04:09:16.7365290Z,flow,flow-hier2-rb1-m1024-r3,flow.hier2.refload.mem,MB,80000,1024,8,8,10,10,4,5,500,0.454,0.447,0.563,0.587,0.61,"AMD Ryzen 5 5600GT with Radeon Graphics","Null Device",False
2026-10-08T04:09:16.7371040Z,flow,flow-hier2-rb1-m1024-r3,flow.hier2.refload.pool,MB,80000,1024,8,8,10,10,4,5,500,0,0,0,0,0,"AMD Ryzen 5 5600GT with Radeon Graphics","Null Device",False
2026-10-08T04:09:16.7376270Z,flow,flow-hier2-rb1-m1024-r3,flow.hier2.refload.orders,orders,80000,1024,8,8,10,10,4,5,1,480,480,480,480,480,"AMD Ryzen 5 5600GT with Radeon Graphics","Null Device",False
2026-10-08T04:09:16.7380470Z,flow,flow-hier2-rb1-m1024-r3,flow.hier2.refload.terrain,changes,80000,1024,8,8,10,10,4,5,1,120,120,120,120,120,"AMD Ryzen 5 5600GT with Radeon Graphics","Null Device",False
2026-10-08T04:09:16.7385340Z,flow,flow-hier2-rb1-m1024-r3,flow.hier2.refload.rebuilds,fields,80000,1024,8,8,10,10,4,5,1,600,600,600,600,600,"AMD Ryzen 5 5600GT with Radeon Graphics","Null Device",False
2026-10-08T04:09:16.7389670Z,flow,flow-hier2-rb1-m1024-r3,flow.hier2.refload.neverready,orders,80000,1024,8,8,10,10,4,5,1,176,176,176,176,176,"AMD Ryzen 5 5600GT with Radeon Graphics","Null Device",False
2026-10-08T04:09:16.7393930Z,flow,flow-hier2-rb1-m1024-r3,flow.hier2.refload.unreachable,rebuilds,80000,1024,8,8,10,10,4,5,1,300,300,300,300,300,"AMD Ryzen 5 5600GT with Radeon Graphics","Null Device",False
2026-10-08T04:09:16.7398120Z,flow,flow-hier2-rb1-m1024-r3,flow.hier2.refload.unreachable.sectors,sectors,80000,1024,8,8,10,10,4,5,1,1459,1459,1459,1459,1459,"AMD Ryzen 5 5600GT with Radeon Graphics","Null Device",False
2026-10-08T04:09:16.7402350Z,flow,flow-hier2-rb1-m1024-r3,flow.hier2.refload.newroutes,routes,80000,1024,8,8,10,10,4,5,1,600,600,600,600,600,"AMD Ryzen 5 5600GT with Radeon Graphics","Null Device",False
2026-10-08T04:09:16.7406520Z,flow,flow-hier2-rb1-m1024-r3,flow.hier2.refload.reroutes,routes,80000,1024,8,8,10,10,4,5,1,0,0,0,0,0,"AMD Ryzen 5 5600GT with Radeon Graphics","Null Device",False
2026-10-08T04:09:16.7410630Z,flow,flow-hier2-rb1-m1024-r3,flow.hier2.refload.newsectors,fields,80000,1024,8,8,10,10,4,5,1,5908,5908,5908,5908,5908,"AMD Ryzen 5 5600GT with Radeon Graphics","Null Device",False
2026-10-08T04:09:16.7414890Z,flow,flow-hier2-rb1-m1024-r3,flow.hier2.refload.resectors,fields,80000,1024,8,8,10,10,4,5,1,0,0,0,0,0,"AMD Ryzen 5 5600GT with Radeon Graphics","Null Device",False
2026-10-08T04:09:16.7422920Z,flow,flow-hier2-rb1-m1024-r3,flow.hier2.refload.sectors,sectors,80000,1024,8,8,10,10,4,5,500,620.048,610,768.05,802.02,833,"AMD Ryzen 5 5600GT with Radeon Graphics","Null Device",False
2026-10-08T04:09:16.7428960Z,flow,flow-hier2-rb1-m1024-r3,flow.hier2.refload.graph,MB,80000,1024,8,8,10,10,4,5,1,1.956,1.956,1.956,1.956,1.956,"AMD Ryzen 5 5600GT with Radeon Graphics","Null Device",False
2026-10-08T04:09:16.7433330Z,flow,flow-hier2-rb1-m1024-r3,flow.hier2.refload.materialized,sectors,80000,1024,8,8,10,10,4,5,1,1109,1109,1109,1109,1109,"AMD Ryzen 5 5600GT with Radeon Graphics","Null Device",False
